di_id,name,change_percent,change_numeric,buy,sell,latest,high,low,volume,time,list
64,Moment Group,-0.5,-0.01,1.97,1.98,1.98,1.99,1.94,297269,17:29,Small Cap
72,Hexagon B,3.02,21.6,737.4,737.8,737,737.8,710.2,430978,17:29,Large Cap
73,Swedbank A,-0.01,-0.02,161,161.04,160.7,162.66,159.9,3835091,17:32,Large Cap
74,TietoEVRY,0.75,2,269.2,269.6,269.8,270.2,265.6,19297,17:29,Large Cap
75,ICA Gruppen,0.25,1,404.2,404.8,404.5,407.3,402.9,330209,17:29,Large Cap
76,Trelleborg B,-0.09,-0.2,226.7,226.9,226.5,229,225.8,572512,17:32,Large Cap
83,Atlas Copco A,1.68,8.2,494.9,495.2,495.1,495.7,480.7,899004,17:29,Large Cap
94,Biotage,0.98,1.4,143.5,143.8,144.4,145,141.4,61686,17:29,Mid Cap
117,SEB A,-1.27,-1.35,104.75,104.8,104.85,106,104.4,5133776,17:29,Large Cap
121,Investor B,0.57,3.8,665.8,666.2,666,666.4,654.6,1005508,17:29,Large Cap
123,Lundin Energy,0.8,2.3,292.1,292.4,291.6,295.1,288.4,1014539,17:29,Large Cap
125,Skanska B,2.34,5,219.1,219.2,219,219.3,213.2,1230234,17:29,Large Cap
143,AAK,0.19,0.35,186.45,186.6,186.4,187.55,186,318722,17:29,Large Cap
145,ABB,0.19,0.5,258.9,259.1,259.4,259.4,256.1,848625,17:29,Large Cap
170,Ericsson B,1.2,1.25,105.45,105.5,105.6,105.95,103.55,6895707,17:29,Large Cap
195,Active Biotech,-1.05,-0.02,1.52,1.53,1.5,1.56,1.49,504994,17:29,Small Cap
196,Addtech B,0.8,1,125,126,126,126,123,146915,17:29,Large Cap
200,ÅF Pöyry B,5.17,12.2,248,248.6,248.2,249,233.8,182368,17:29,Large Cap
209,Handelsbanken A,-0.53,-0.52,97.32,97.34,97.36,98.42,96.5,4602619,17:29,Large Cap
212,Kinnevik B,0.56,2.2,392.55,392.65,392.65,395.6,384.6,997382,17:30,Large Cap
215,Telia Company,0.79,0.28,35.74,35.76,35.76,35.92,35.54,10868874,17:29,Large Cap
237,Alfa Laval,-0.36,-1,275.1,275.2,275,276.8,272.7,738367,17:32,Large Cap
247,Autoliv SDB,0.19,1.6,826,826.6,826,838.2,820,226296,17:29,Large Cap
264,Addnode Group B,0.42,1,238.5,239,239,241,238,10190,17:29,Mid Cap
265,Anoto Group,-0.94,-0.01,0.86,0.86,0.84,0.88,0.84,520639,17:29,Small Cap
267,AQ Group,7.26,20.5,300.5,302,303,304,284,25690,17:29,Mid Cap
281,Volvo B,1.99,4.6,235.1,235.2,235.4,235.4,230.8,4726195,17:29,Large Cap
285,Nordea Bank,-0.05,-0.04,82.99,83,82.89,83.71,82.18,8180152,17:29,Large Cap
286,Volvo A,1.95,4.5,235,235.5,235.5,236,231,172563,17:29,Large Cap
287,SSAB A,0.98,0.38,39.21,39.25,39.32,39.4,38.6,3263192,17:29,Large Cap
290,Assa Abloy B,0.81,1.9,236.3,236.5,236.9,238,232.6,2884768,17:29,Large Cap
306,Atlas Copco B,1.54,6.4,422.5,422.7,422.7,422.8,411.5,320715,17:29,Large Cap
317,Axfood,-0.2,-0.4,203.6,203.8,203.8,206.2,203.2,329591,17:29,Large Cap
320,Avanza Bank Holding,3.01,8.2,281.6,282,281,282.2,268.6,301809,17:29,Large Cap
321,AstraZeneca,1.8,14.9,843,843.2,844.6,849.7,830,595427,17:29,Large Cap
334,Boliden,-0.48,-1.6,332.1,332.3,332.5,335,328.3,1550990,17:29,Large Cap
370,Balder B,0.29,1.2,414.7,415,415,418.5,413.4,158735,17:29,Large Cap
373,Bergman & Beving B,4.49,4.6,107,107.4,107,107.8,103.4,9292,17:29,Mid Cap
376,BE Group,-0.89,-0.4,44.4,44.8,44.4,45,43.9,4419,17:13,Small Cap
377,Beijer Alma B,-0.12,-0.2,163.6,164.2,163.8,167,162.6,26743,17:29,Mid Cap
378,Beijer Ref B,1.85,6.8,374.6,375,375,376.8,361.6,146421,17:29,Large Cap
379,Beijer Electronics Group,0.59,0.25,42.75,43.4,43,43.5,42.75,10603,17:29,Small Cap
381,Betsson B,1.21,0.85,71.05,71.2,71.3,71.65,70,517651,17:29,Large Cap
384,Bilia A,2.34,2.8,122,122.2,122.3,122.4,119.4,155137,17:29,Mid Cap
386,BillerudKorsnäs,1.53,2.45,162.35,162.55,162.95,162.95,159.85,470008,17:29,Large Cap
387,BioInvent International,-0.53,-0.26,48.8,48.92,49.06,49.48,47.82,68929,17:29,Small Cap
390,BioGaia B,-0.47,-2,428,429.5,428.5,432,423.5,10360,17:29,Mid Cap
407,Getinge B,0.37,0.8,218.2,218.4,218.6,220.2,215.4,678001,17:29,Large Cap
416,Bong,0.61,0,0.5,0.5,0.5,0.51,0.48,678702,17:29,Small Cap
420,Björn Borg,-1,-0.2,19.84,20.1,19.8,20.25,19.7,1730476,17:27,Small Cap
424,Bergs Timber B,3.67,0.15,4.24,4.26,4.24,4.28,4.1,1098284,17:23,Small Cap
428,BTS Group B,-1.71,-4.5,258,259.5,258.5,263,258,2006,17:24,Mid Cap
429,Bure Equity,3.07,7.8,261.2,261.6,262.2,262.2,248.6,205838,17:29,Large Cap
430,Swedish Orphan Biovitrum,3.47,4.9,145.7,145.8,146.1,147.2,140,1143810,17:29,Large Cap
445,Castellum,0.15,0.3,201,201.1,200.5,202.9,199.55,258522,17:29,Large Cap
446,Catena,1.95,7.5,392,393,392,396.5,384.5,16290,17:29,Large Cap
451,Concordia Maritime B,1.2,0.1,8.44,8.46,8.46,8.56,8.4,13207,16:40,Small Cap
455,CellaVision,4.38,12.8,303.8,304.4,305.2,305.6,291,40422,17:29,Mid Cap
459,Cloetta,0.25,0.06,24.46,24.48,24.46,24.66,24.28,804001,17:29,Mid Cap
460,Clas Ohlson B,3.78,3,82.3,82.4,82.4,82.45,79.25,462767,17:29,Mid Cap
471,Concejo B,0.57,0.4,70,70.4,70.6,72.4,70.2,14388,17:29,Small Cap
477,C-RAD B,2.75,1.6,59.2,59.8,59.8,59.9,57,53016,17:24,Small Cap
482,CTT Systems,-4.67,-7.2,148.2,149.8,147,154.3,143.4,62473,17:29,Mid Cap
565,SKF B,0.16,0.4,246.7,246.9,246.8,246.9,242.3,1130270,17:29,Large Cap
570,Tele2 B,-0.35,-0.4,113.75,113.8,113.8,114.4,113.3,2370607,17:29,Large Cap
686,Diös Fastigheter,0.43,0.3,69.4,69.6,69.4,70.15,69.05,165272,17:29,Mid Cap
769,Doro,0,0,59.8,60.6,60.6,61,59.8,16157,17:23,Small Cap
773,Duni,-0.75,-0.8,106,106.6,106.4,108.6,106.2,23241,17:29,Mid Cap
774,Duroc B,3.45,0.9,27,27.3,27,27.5,26,33733,17:24,Small Cap
775,Image Systems,-1.99,-0.03,1.23,1.25,1.23,1.26,1.23,60058,17:24,Small Cap
783,Electrolux B,5.82,12.5,226.9,227.1,227.4,227.7,219.3,2549984,17:29,Large Cap
784,MTG B,2.63,3,116.9,117.2,116.9,117.5,112.9,314431,17:29,Mid Cap
820,Eastnine,-0.16,-0.2,127.2,128.2,128.2,128.4,125,1048,17:29,Mid Cap
846,Elekta B,1.75,1.95,113.4,113.55,113.4,114.15,110,851807,17:29,Large Cap
847,Elanders B,1.66,2.8,172.2,172.8,171.8,173.8,169,19814,17:29,Mid Cap
849,Electra Gruppen,1.61,1,62.4,63,63,63.6,62,17726,17:29,Small Cap
853,Elos Medtech B,1.15,1.5,132,132.5,132,135,130.5,23850,17:29,Small Cap
861,Electrolux A,6.48,14,224,230,230,230,216,1791,17:29,Large Cap
866,Endomines,0.39,0.01,2.53,2.55,2.55,2.62,2.51,141831,17:24,Small Cap
867,Enea,0.88,2,228.5,230,229,235.5,222.5,7783,17:29,Mid Cap
869,Eniro,-0.73,-0.01,1.08,1.1,1.08,1.12,1.08,688163,17:24,Small Cap
907,Ericsson A,0,0,110,110.4,110.2,113.4,109.8,47499,17:29,Large Cap
918,eWork Group,-1.14,-1.2,103.4,103.8,103.8,105.4,103.6,4269,17:29,Small Cap
922,Fabege,-1.04,-1.25,118.85,118.95,118.85,121.15,118.65,1001815,17:30,Large Cap
923,Fagerhult,2.22,1,45.95,46,46,46,44.85,56193,17:29,Mid Cap
925,Feelgood Svenska,0.71,0.02,2.84,2.85,2.84,2.85,2.77,50690,17:24,Small Cap
939,Fingerprint Cards B,5.61,1.69,31.8,31.85,31.81,32.18,29.8,10390592,17:29,Mid Cap
967,Fastpartner A,1.1,0.9,82.3,82.7,82.9,82.9,82,7966,17:29,Large Cap
969,FormPipe Software,0,0,30.1,30.2,30.1,30.2,29.7,8880,17:29,Small Cap
980,G5 Entertainment,2.39,10.6,452.6,454,453.8,462,430,108083,17:29,Mid Cap
989,GHP Specialty Care,3.28,0.75,23.5,23.6,23.6,23.6,22.5,418722,17:29,Small Cap
1032,Havsfrun Investment B,0,0,22.9,23,22.9,23.4,22.7,19717,17:29,Small Cap
1034,Heba B,0.95,1,106.5,107.5,106.5,108,106,21793,17:29,Mid Cap
1043,Haldex,2.05,1,49.6,49.85,49.7,49.95,48.6,159783,17:29,Mid Cap
1058,H&M B,2.44,5.1,214,214.1,213.9,214.4,209.8,3187938,17:29,Large Cap
1064,Sandvik,-1.11,-2.7,239.3,239.5,239.7,243.4,237.7,2685540,17:29,Large Cap
1065,Hansa Biopharma,4.09,6.1,154.2,154.5,155.1,158.8,148,196605,17:29,Mid Cap
1066,HMS Networks,2.91,8.5,298.5,300,300.5,300.5,289,12639,17:29,Mid Cap
1076,Holmen A,-0.25,-1,398,399,398,399,394,1380,17:29,Large Cap
1077,Holmen B,0.42,1.6,380.8,381.2,380.8,383.4,375.2,154642,17:29,Large Cap
1081,Hexpol B,0,0,94.85,95,94.8,95.95,93.55,508900,17:29,Large Cap
1083,Hufvudstaden A,0.25,0.3,121.9,122,122.2,123.9,121.6,433346,17:29,Large Cap
1088,Husqvarna A,4.15,4.5,112,112.5,113,113,108,43266,17:29,Large Cap
1089,Husqvarna B,3.44,3.7,111.05,111.15,111.25,111.7,107.1,1074812,17:29,Large Cap
1256,Intrum,1.3,3.4,264.6,264.8,265,266.4,261,338549,17:30,Large Cap
1262,Indutrade,1.91,3.8,202.4,202.8,202.4,202.8,196.7,469555,17:29,Large Cap
1263,Industrivärden A,0.88,2.8,318.8,319,320,320,316,142073,17:29,Large Cap
1264,Industrivärden C,0.57,1.7,299.6,299.8,299.8,301.1,296.7,233966,17:29,Large Cap
1268,I.A.R Systems Group B,3.9,4.8,126,127.8,127.8,127.8,122,5250,17:29,Mid Cap
1270,Investor A,0.61,4,662,662.5,662,662.5,651.5,90083,17:29,Large Cap
1273,ITAB Shop Concept B,1.5,0.22,14.84,14.88,14.9,14.92,14.42,581971,17:29,Mid Cap
1274,INVISIO,4.95,9.5,200,201,201.5,202,188.8,57698,17:29,Mid Cap
1293,JM,0.54,1.7,315.5,315.8,315.9,319,314.2,171853,17:29,Large Cap
1325,KABE Group B,2.03,4,198,201,201,204,192.5,5539,17:29,Small Cap
1327,Karo Pharma,-0.2,-0.1,49.8,50.1,50,50.3,49.8,48350,17:29,Mid Cap
1341,Kinnevik A,0.46,2,439,441,440,443,437.5,19285,17:29,Large Cap
1342,Kungsleden,0.51,0.45,88.1,88.2,88.25,89.35,87.7,277004,17:29,Large Cap
1346,Klövern A,-0.39,-0.05,12.75,12.8,12.7,12.9,12.7,41942,17:29,Large Cap
1349,Knowit,3.7,10,280,281,280.5,281,269,27947,17:29,Mid Cap
1355,Lagercrantz Group B,0.57,0.4,70.1,70.4,70.4,71,68.9,122513,17:29,Mid Cap
1356,Lammhults Design Group B,0.27,0.1,36.5,36.8,36.8,37,36.3,2240,16:39,Small Cap
1361,Latour B,1.16,2.4,209.6,210,209.8,210,204.8,281737,17:29,Large Cap
1375,Lindab International,3.79,6.8,185.8,186.2,186.1,186.4,177.3,129626,17:29,Mid Cap
1377,Atrium Ljungberg B,0.25,0.4,163.2,163.6,163.4,165.4,162.4,216137,17:29,Large Cap
1382,Loomis,-1.86,-4.6,242.4,242.8,243.4,250.2,241.4,333458,17:29,Large Cap
1387,Lundin Mining Corporation,-1.77,-1.7,94.6,94.9,94.45,95.2,93.3,830001,17:29,Large Cap
1389,Lundberg B,-0.4,-1.8,451,451.2,451,454.8,448.2,133284,17:29,Large Cap
1412,MedCap,2.76,5.5,202.5,204.5,204.5,205,195.8,11703,17:29,Mid Cap
1414,Malmbergs Elektriska B,2.13,1.2,57.4,57.8,57.6,59.8,56.6,57142,17:24,Small Cap
1423,Mekonomen,1.96,2.3,119.1,119.3,119.5,119.5,116.9,233378,17:29,Mid Cap
1428,Millicom International..,-0.12,-0.4,334.8,334.9,334.7,345.3,332.9,556363,17:29,Large Cap
1429,Mycronic,2.17,4.4,206.8,207,207,207.6,200.6,90093,17:29,Large Cap
1430,Midway A,-1.05,-0.2,18.8,20,18.8,18.8,18.5,8765,17:29,Small Cap
1431,Midway B,2.32,0.45,19.9,20,19.85,20,19,66173,17:24,Small Cap
1437,Stockwik Förvaltning,2.05,2.5,123,124.5,124.5,124.5,117,11096,17:24,Small Cap
1446,Empir Group B,1.25,0.15,11.95,12.2,12.2,12.2,12,7006,17:23,Small Cap
1448,Midsona A,1.13,1,88.5,89.5,89.5,89.5,89.5,760,17:29,Mid Cap
1449,Midsona B,-1.47,-1.3,87,87.5,87.3,88.8,86.1,49212,17:29,Mid Cap
1451,MTG A,3.42,4,117,121,121,121,117,185,17:29,Mid Cap
1459,multiQ International,0,0,0.94,0.98,0.98,0.99,0.92,34923,17:24,Small Cap
1460,Medivir B,-0.35,-0.03,8.5,8.6,8.47,8.69,8.4,100466,17:29,Small Cap
1519,NAXS,0.73,0.4,54.6,55,55,55.2,54.4,16425,17:29,Small Cap
1521,NCC A,3.81,5.5,149,149.5,150,150,145.5,6153,17:29,Large Cap
1522,NCC B,2.95,4.3,149.6,149.8,150,150,145.3,415579,17:29,Large Cap
1577,Net Insight B,11.11,0.24,2.38,2.39,2.4,2.42,2.15,4153778,17:29,Small Cap
1582,New Wave B,1.45,1,69.8,70,70,70,68.3,77060,17:29,Mid Cap
1584,Nibe Industrier B,0.61,1.6,265.4,265.6,265.5,266.7,258.7,859557,17:29,Large Cap
1588,Nederman Holding,1.42,2,140,143.5,143,144.5,138.5,2636,17:29,Mid Cap
1592,Nobia,1.93,1.25,65.9,66,66,66,64.45,224729,17:29,Large Cap
1606,Nolato B,2.7,20.5,777.5,778,779,783.5,754,29272,17:29,Large Cap
1611,Note,0.7,0.5,72.1,72.4,72.4,72.5,70.9,48201,17:29,Small Cap
1612,Strax,-1.08,-0.04,3.6,3.66,3.66,3.73,3.55,49548,17:24,Small Cap
1620,Novotek B,-1.43,-0.7,48.4,48.7,48.4,49.1,46,17354,17:24,Small Cap
1624,Abliva,-0.13,0,0.8,0.8,0.79,0.82,0.79,828481,17:29,Small Cap
1650,Odd Molly,1,0.12,12.16,12.18,12.1,12.26,11.7,41723,17:29,Small Cap
1688,OEM International B,-1.4,-5,349,355,352,363,341,4102,17:29,Mid Cap
1816,Öresund,0.77,1,129.4,130.2,130.2,130.6,128.4,40448,17:29,Mid Cap
1820,Ortivus A,-2.04,-0.1,4.8,5.2,4.8,5.2,4.8,1271,17:29,Small Cap
1821,Ortivus B,0,0,4.81,4.91,4.85,4.93,4.72,39211,17:24,Small Cap
1822,Orexo,2.51,1.1,44.65,44.9,44.9,46.75,43.8,108513,17:29,Mid Cap
1860,Proact IT Group,-1.94,-6,305,306,304,310,300.5,7560,17:29,Mid Cap
1867,Peab B,0.47,0.5,107.7,107.9,107.9,108.8,106.6,250136,17:29,Large Cap
1878,Poolia B,2.48,0.2,8.16,8.18,8.28,8.46,8.08,75384,17:29,Small Cap
1883,Precise Biometrics,0,0,1.25,1.26,1.25,1.27,1.22,1271152,17:29,Small Cap
1884,Prevas B,2.94,1.8,63.2,63.8,63,64.6,61.2,34731,17:29,Small Cap
1885,Pricer B,1.29,0.45,35.35,35.4,35.3,35.45,34.5,288121,17:29,Mid Cap
1887,Probi,0.11,0.5,444.5,448.5,448,448.5,442,2469,17:29,Mid Cap
1889,ProfilGruppen B,2.32,2,87.2,88,88.2,89.8,86.2,570,16:28,Small Cap
1896,Viking Supply Ships B,4.87,2.6,53.4,56,56,56,53.4,807,17:23,Small Cap
1902,Railcare Group,1.27,0.3,24,24.1,24,24.3,23.7,19973,17:24,Small Cap
1912,Ratos A,1.4,0.7,50,50.4,50.6,50.6,50,6295,17:29,Large Cap
1913,Ratos B,3.91,1.82,48.08,48.16,48.32,48.32,46,1249817,17:29,Large Cap
1914,RaySearch Laboratories B,1.22,1.1,90.8,91.2,91.3,92,88.7,18849,17:29,Mid Cap
1920,Rejlers B,1.31,2,155,156,155,155.5,152,8565,17:29,Mid Cap
1929,RNB Retail and Brands,-2.99,-0.02,0.65,0.65,0.65,0.69,0.64,211278,17:29,Small Cap
1935,Rottneros,5.29,0.49,9.73,9.83,9.75,9.95,9.27,548991,17:29,Mid Cap
1946,SAAB B,4.34,10.2,244.6,244.9,245,246.7,231.8,658398,17:29,Large Cap
1949,Sagax A,1.6,3,190,191,191,192,187,1770,17:24,Large Cap
1950,Sagax Pref,0.28,0.1,35.3,35.4,35.4,35.4,35.3,19088,17:24,Large Cap
1961,SAS,-0.3,-0.01,1.98,1.98,1.97,2.02,1.96,51995601,17:29,Mid Cap
1966,SCA A,0.65,1,154.8,155.4,155.6,155.8,153.2,8457,17:29,Large Cap
1967,SCA B,1.25,1.9,153.7,153.8,154.1,154.1,151.85,1423154,17:29,Large Cap
1979,Catella A,10.94,2.8,28.4,30,28.4,28.4,28.4,59,13:35,Mid Cap
1980,Catella B,0.69,0.2,29,29.2,29.2,29.2,28.6,30341,17:29,Mid Cap
1991,SEB C,-1.31,-1.4,105,105.4,105.2,107,104.6,88328,17:29,Large Cap
1999,Sectra B,3.68,23.5,660.5,662,661.5,668.5,633.5,22025,17:29,Large Cap
2000,Securitas B,0.96,1.35,141.85,141.95,141.9,142,140.25,945369,17:29,Large Cap
2018,Semcon,3.3,3.1,97.1,97.9,97.1,97.9,93.1,30619,17:24,Small Cap
2019,Sensys Gatso Group,1.63,0.02,1.36,1.37,1.37,1.38,1.33,2450039,17:29,Small Cap
2025,Handelsbanken B,-1.25,-1.4,110,110.2,110.2,113,108.8,202672,17:29,Large Cap
2044,Sintercast,2.19,3,138.6,139.6,139.8,140.2,134.6,14677,17:29,Small Cap
2053,SKF A,0.41,1,245,247,246,247,241,8662,17:29,Large Cap
2106,SkiStar B,2.08,2.6,127.8,128,127.4,128,124.6,140045,17:29,Mid Cap
2116,Softronic B,2.11,0.6,28.9,29,29,29.5,28.5,449835,17:29,Small Cap
2176,SSAB B,-0.3,-0.11,36.18,36.2,36.18,36.64,35.72,4197663,17:29,Large Cap
2197,Starbreeze B,0.15,0,1.94,1.95,1.95,1.95,1.85,10076993,17:29,Small Cap
2202,Stora Enso A,-0.81,-1.4,172.2,173,172,174.6,171.6,19897,17:29,Large Cap
2203,Stora Enso R,-0.78,-1.35,171.7,171.85,171.75,173.3,171.15,227168,17:29,Large Cap
2256,Svedbergs B,1.42,0.6,42.6,42.9,43,43.9,42.3,74096,17:29,Small Cap
2258,Studsvik,1.95,1.6,83.6,84.4,83.6,85.2,81.6,9228,17:29,Small Cap
2259,Svolder A,3.33,8,240,249,248,248,248,5,17:29,Mid Cap
2260,Svolder B,1.45,2.8,195.8,196.6,196.4,197,191.4,25786,17:29,Mid Cap
2267,Sweco A,1.85,2.5,137.5,138,138,139,134,2611,17:12,Large Cap
2268,Sweco B,2.78,3.7,136.8,137,137,137.6,132.1,510600,17:29,Large Cap
2273,Swedish Match,2.58,16,636.4,636.8,636.2,641.4,621.4,686084,17:29,Large Cap
2386,Systemair,4.2,10.5,259,260,260.5,261.5,248.5,15114,17:29,Mid Cap
2399,Tele2 A,2.59,3,118.5,119,119,119,116.5,1673,17:29,Large Cap
2406,Tethys Oil,0.74,0.5,68.05,68.3,68,69.3,66.05,217802,17:29,Mid Cap
2447,Traction B,2.09,4,194.5,195,195,195,191,1463,17:29,Mid Cap
2448,TradeDoubler,0.24,0.01,4.24,4.31,4.27,4.44,4.22,35907,17:23,Small Cap
2469,Kindred Group SDB,3.76,4.9,135.15,135.2,135.15,136.35,128.8,1180157,17:29,Large Cap
2505,VBG Group B,0.3,0.5,168.5,169.5,169.5,170,168,3305,17:29,Mid Cap
2518,Vitec Software Group B,3.3,12.5,389,390,391.5,396.5,374,35650,17:29,Mid Cap
2519,Vitrolife,0.79,2,254.8,255,255,256,252,79747,17:29,Large Cap
2522,VNV Global,0.58,0.6,103.8,104.2,104.2,104.2,99.8,262649,17:29,Mid Cap
2528,Wallenstam B,0.34,0.4,117.6,117.9,117.5,119.5,116.9,173694,17:29,Large Cap
2536,Wihlborgs Fastigheter,0.97,1.6,166.7,166.9,166.3,167.8,163.7,161295,17:29,Large Cap
2540,Wise Group,0.53,0.2,38,38.7,38.1,39.2,37.9,5189,17:24,Small Cap
2547,XANO Industri B,2.08,3.5,170,172,172,175,161.5,11941,17:29,Mid Cap
3088,Rizzo Group B,-14.42,-0.02,0.09,0.09,0.09,0.1,0.09,13267759,17:29,Small Cap
8218,Eolus Vind B,5.32,10.4,205.4,206.6,206,208,195,147364,17:29,Mid Cap
8344,Hexatronic Group,-2.18,-2.4,108,108.8,107.8,112,106.2,110760,17:29,Mid Cap
8585,NGS Group,-0.32,-0.05,14.9,15.45,15.45,15.5,14.7,2083,17:24,Small Cap
8592,Micro Systemation B,-0.29,-0.1,34.1,34.7,34.1,35,33.5,8432,17:29,Small Cap
8605,Oasmia Pharmaceutical,-0.53,-0.02,3.4,3.41,3.39,3.45,3.38,1554340,17:29,Mid Cap
8614,Corem Property Group A,3.41,0.65,19.7,19.8,19.7,19.7,19.7,18,17:29,Mid Cap
21779,Boule Diagnostics,2.77,1.5,55.7,56,55.6,55.6,53.2,13326,17:16,Small Cap
21919,Corem Property Group Pref,0.32,1,316,318,318,318,316,4705,17:23,Mid Cap
23860,Arise,4.77,2.1,46,46.1,46.1,46.4,44.3,32989,17:29,Small Cap
24355,EnQuest PLC,1.47,0.04,2.76,2.77,2.77,2.84,2.67,6909159,17:29,Mid Cap
31717,Byggmax Group,1.49,0.8,54.45,54.5,54.45,54.7,53.35,341415,17:29,Mid Cap
71971,Africa Oil Corp.,-1.07,-0.09,8.36,8.38,8.33,8.5,8.24,1429461,17:29,Mid Cap
77948,Episurf Medical B,1.06,0.04,3.83,3.86,3.83,3.88,3.8,510087,17:29,Small Cap
77949,Etrion,2.91,0.08,2.64,2.67,2.65,2.67,2.58,445191,17:29,Small Cap
124226,Nelly Group,3.62,1.15,32.95,33.1,32.9,33,31.45,150419,17:29,Small Cap
140586,Stendörren Fastigheter B,0.71,1,140,141.5,142,142,139,7967,17:29,Mid Cap
153257,ZetaDisplay,0,0,16.35,16.5,16.35,16.6,16.3,38876,17:24,Small Cap
153583,Egetis Therapeutics,-3.14,-0.2,6.17,6.22,6.18,6.37,6.1,404627,17:29,Small Cap
157530,Karolinska Development B,-2.42,-0.04,1.62,1.63,1.62,1.65,1.62,293217,17:29,Small Cap
159075,Dedicare B,0,0,51,51.5,51,51.9,51,46825,17:29,Small Cap
164147,Bulten,-0.18,-0.2,110,110.4,110.4,110.6,108,28659,17:29,Mid Cap
165242,Moberg Pharma,0.35,0.02,5.8,5.83,5.8,5.85,5.71,250070,17:29,Small Cap
173769,Concentric,3.65,6.6,186.2,187.2,187.6,188.2,179.8,20867,17:29,Mid Cap
226036,Cavotec SA,1.33,0.3,22.6,22.9,22.9,22.9,22.1,38912,17:29,Mid Cap
242401,Lucara Diamond Corp,-1.2,-0.06,4.94,4.96,4.94,5.06,4.91,261531,17:29,Mid Cap
261419,Klövern Pref,-0.47,-1.5,316,316.5,316,318,311,54057,17:29,Large Cap
267940,Creades A,5.37,44,859,862,863,868,819,16521,17:29,Mid Cap
944440,Eniro Pref B,1.39,1,73,74,73,74,72,8452,17:29,Small Cap
971845,Xvivo Perfusion,1.51,4.5,300.5,302,302,305.5,292.5,7663,17:29,Mid Cap
1013830,Arctic Paper,-0.75,-0.1,13.25,13.5,13.25,13.75,13.15,35415,17:29,Small Cap
1060558,Sagax B,1.51,2.8,187.8,188,188,189.6,182.2,340746,17:29,Large Cap
1067849,Immunicum,0.07,0.01,6.9,6.97,6.97,7,6.82,112768,17:29,Small Cap
1091593,Fastpartner Pref,-0.43,-0.5,117,117.5,117,118,117,22058,17:22,Large Cap
1222421,Platzer Fastigheter Holding B,0.38,0.4,105.2,106,105.8,107.6,105,61042,17:29,Large Cap
1264793,Oscar Properties Holding,1.62,0,0.19,0.19,0.19,0.19,0.18,19347488,17:29,Small Cap
1269019,Bufab,1.64,3.5,214.5,216.5,216.5,217,208.5,24934,17:29,Mid Cap
1318216,Saniona,9.82,1.78,19.7,19.88,19.9,20.55,18.16,828633,17:29,Small Cap
1368403,Besqab,2.92,4,140.5,141,141,141.5,138,9353,17:29,Mid Cap
1376117,HANZA Holding,0,0,14.9,15,15,15.3,14.5,41235,17:24,Small Cap
1376119,Josemaria Resources Inc.,0.21,0.01,4.8,4.85,4.85,4.9,4.76,336130,17:24,Small Cap
1376121,Bactiguard Holding B,2.86,4.5,159.5,162,162,167.5,157,11721,17:29,Mid Cap
1379031,Fenix Outdoor International B,-0.89,-10,1 118.00,1 124.00,1 120.00,1 150.00,1 106.00,4544,17:29,Large Cap
1379314,Scandi Standard,1.93,1.2,63.2,63.4,63.4,63.7,61.8,249691,17:29,Mid Cap
1424650,Inwido,1.89,2.6,139,139.4,140,140,135.2,74269,17:29,Mid Cap
1430131,Gränges,0.66,0.8,121.3,121.5,121.7,121.7,119.4,270114,17:29,Mid Cap
1440960,Christian Berner Tech Trade B,0,0,32,32.1,32,32.6,32,5084,17:20,Small Cap
1449975,SBB Norden B,-0.08,-0.02,24.94,24.98,24.96,25.22,24.78,6536327,17:29,Large Cap
1456382,Lifco B,3.23,27,862,863,863.5,864,828,176099,17:29,Large Cap
1458886,Thule Group,1.8,6.4,361,361.4,361.4,363.6,354.6,174810,17:29,Large Cap
1462563,NP3 Fastigheter,2.4,3.2,135.4,137.2,136.8,138,132.2,3621,17:29,Mid Cap
1463723,Ahlstrom-Munksjö,-0.22,-0.4,179.4,180.2,180.4,180.8,179,578,17:24,Large Cap
1464521,Klövern B,-0.47,-0.06,12.59,12.61,12.6,12.81,12.58,2393125,17:29,Large Cap
1474523,Lundin Gold,-0.29,-0.2,68.7,69,68.7,70.6,68.4,234056,17:29,Mid Cap
1500035,Eltel,0.9,0.25,27.95,28.2,27.95,28.1,27.6,66530,17:30,Mid Cap
1504432,Dustin Group,2.15,1.8,85.3,85.5,85.4,85.9,83.6,164768,17:29,Mid Cap
1532836,Cantargia,-21.33,-10.6,39.25,39.3,39.1,40.75,30.5,4511562,17:29,Mid Cap
1534561,Evolution Gaming Group,5.34,54,1 068.00,1 069.00,1 064.50,1 072.50,1 009.00,783667,17:29,Large Cap
1537811,Hoist Finance,-1.1,-0.48,43.1,43.24,43.3,43.96,42.54,142310,17:29,Mid Cap
1540239,Troax Group,1.59,4,255.5,256,256,258.5,248.5,108095,17:29,Mid Cap
1542337,K2A Knaust & Andersson..,-1.19,-4,330,331,331,331,330,2373,17:23,Mid Cap
1561816,Tobii,4.77,2.85,62.6,62.8,62.65,62.8,58.8,258426,17:29,Mid Cap
1573845,Oscar Properties Holding Pref,6.97,5.9,90.5,90.8,90.5,90.9,81.1,3755,17:23,Small Cap
1584526,Volati Pref,-0.62,-4,646,650,646,652,646,1520,17:29,Mid Cap
1584978,Magnolia Bostad,0,0,57.4,57.8,57.8,59.2,57,17187,17:29,Small Cap
1586617,Collector,-3.18,-0.85,25.75,25.8,25.9,26.8,25.7,523544,17:29,Mid Cap
1586885,Starbreeze A,-2.98,-0.06,1.83,1.84,1.79,1.85,1.79,143596,17:29,Small Cap
1592049,Nilörngruppen B,0.18,0.1,54.1,54.6,54.6,55,53,8229,17:24,Small Cap
1594577,Coor Service Management..,1.1,0.7,64.1,64.5,64.1,64.7,63.1,132309,17:29,Mid Cap
1595119,Alimak Group,2.86,4,142.6,143.4,144,144,139.8,58284,17:29,Mid Cap
1595623,Pandox B,0.53,0.8,151.2,151.6,151.2,152.2,149.8,170375,17:29,Large Cap
1595624,Nobina,0.57,0.4,70.55,70.7,70.85,71.1,70.05,293941,17:29,Mid Cap
1675000,Sinch,9.83,138,1 540.00,1 546.00,1 542.00,1 560.00,1 390.00,462518,17:29,Large Cap
1683669,Bravida Holding,1.91,2.1,112,112.2,112.2,112.6,109.6,126100,17:29,Large Cap
1717403,Dometic Group,1.98,2.35,120.8,120.95,121.25,121.95,118,415921,17:29,Large Cap
1719326,Attendo,3.18,1.5,48.6,48.7,48.72,49.26,47.12,299683,17:29,Mid Cap
1719873,Immunovia,1.9,2.2,118.2,119,118,120,115,32647,17:29,Mid Cap
1720645,Scandic Hotels Group,2.13,0.84,40.36,40.46,40.34,40.76,38.58,2113691,17:29,Mid Cap
1721151,Camurus,-1.17,-2.5,209.5,210.5,210.5,213,205,115827,17:29,Mid Cap
1726323,Vicore Pharma Holding,-0.35,-0.1,28.8,28.9,28.8,29.5,28.4,57122,17:29,Small Cap
1735395,Genova Property Group Pref,-0.39,-0.5,128,128.5,128.5,129,128.5,11282,17:24,Mid Cap
1789051,Xbrane Biopharma,1.63,1.6,98.6,99.4,100,102,96.4,23694,17:29,Small Cap
1795672,Catena Media,-0.05,-0.02,40.76,40.82,40.74,41.02,39.82,1010073,17:29,Mid Cap
1827997,Garo,6.46,36,590,593,593,594,550,33338,17:29,Mid Cap
1827998,AddLife B,1.44,2.4,169.6,170.4,169.6,173.8,163,109114,17:29,Mid Cap
1829009,LeoVegas,1.64,0.66,40.84,40.9,40.92,40.98,39.66,769480,17:29,Mid Cap
1859612,Humana,3.57,2.4,69.6,69.7,69.7,70,66.9,109431,17:29,Mid Cap
1866041,Infant Bacterial Therapeutics..,0,0,106.4,107.2,106.4,107,103.8,7261,17:24,Mid Cap
1896442,Resurs Holding,-0.2,-0.1,50.5,50.6,50.65,51,50.05,592815,17:29,Large Cap
1912764,Oscar Properties Holding Pref..,-14.15,-22.5,136.5,156,136.5,160,125.5,153,17:24,Small Cap
1957868,Bonava A,0.61,0.6,99.4,99.8,99.8,99.8,99.8,1372,17:29,Mid Cap
1957869,Bonava B,0.76,0.75,99.75,100,100.1,100.2,98.7,259417,17:29,Mid Cap
1961665,Nordic Waterproofing Holding,1.82,2.8,156.2,156.4,156.8,158.8,155,27015,17:29,Mid Cap
1965141,B3 Consulting Group,-0.23,-0.1,43,43.5,43.4,43.6,42.7,5312,17:24,Small Cap
1967015,TF Bank,2.54,3,120.5,121,121,121,116,36493,17:29,Mid Cap
1968776,AcadeMedia,-1.77,-1.5,83,83.2,83.3,85,83,58712,17:29,Mid Cap
2699139,Maha Energy A,-0.15,-0.02,13.7,13.75,13.74,13.97,13.1,566906,17:29,Small Cap
3033222,Brinova Fastigheter B,-0.67,-0.2,29.6,29.8,29.6,30,29.3,21903,17:24,Mid Cap
3073813,CELLINK B,5.2,19.5,393.5,394.5,394.5,398,370.5,150618,17:29,Mid Cap
3078297,Sagax D,0.47,0.15,32.05,32.1,32,32.1,31.9,341448,17:29,Large Cap
3100862,Alligator Bioscience,-1.37,-0.09,6.54,6.56,6.5,6.59,6.45,77063,17:29,Small Cap
3102002,Serneke Group B,2.37,1.2,51.4,51.8,51.8,52.8,50.7,51583,17:29,Small Cap
3109543,Volati,-0.96,-1,104.8,106,103,106.2,100.8,38351,17:29,Mid Cap
3464548,Oncopeptides,3.75,6,165.2,165.4,166,166.2,155.7,522771,17:29,Mid Cap
3474094,IRLAB Therapeutics A,1.38,0.5,36.6,36.8,36.8,36.8,35.55,14202,17:29,Mid Cap
3514035,Mips,4.18,24.5,611.5,613,611,617.5,573.5,94627,17:29,Mid Cap
3520421,Ambea,1.38,1,73.2,73.3,73.3,73.3,71.9,179799,17:29,Mid Cap
3528155,Actic Group,2.13,0.35,16.8,16.85,16.8,16.85,16.15,3546,17:29,Small Cap
3530062,FM Mattsson B,-1.43,-2.5,172.5,173.5,172.5,174,170,6099,17:24,Small Cap
3548216,International Petroleum Corp.,-1.78,-0.52,28.8,28.84,28.76,29.88,28.36,505612,17:29,Mid Cap
3574594,Instalco,3.37,10.5,322.5,323,322.5,322.5,308,90844,17:29,Mid Cap
3589562,Munters Group AB,2.03,1.5,75.2,75.5,75.4,75.5,73.2,146096,17:32,Mid Cap
3594990,Medicover B,1.17,2.2,189.8,190,190,195,186.4,80668,17:29,Large Cap
3601734,Boozt,1.47,2.4,165,165.4,165.6,167.2,159.4,359702,17:29,Mid Cap
3610541,Essity A,-1.62,-4.5,274,275,274,278,274,22074,17:29,Large Cap
3610542,Essity B,-1.85,-5,265.8,266,265.2,270.6,265.2,1789862,17:29,Large Cap
3638961,Momentum Group B,-1.12,-1.6,140.8,142.4,141.2,144.8,140,6183,17:29,Mid Cap
3638979,BONESUPPORT,1.06,0.6,57.4,57.6,57.4,58,55.2,227204,17:29,Mid Cap
3640714,Trianon B,1.96,2.5,130,130.5,130,130,124,6775,17:06,Mid Cap
3828498,Xspray Pharma,2.23,2.5,114,114.5,114.5,114.5,112,6382,17:29,Mid Cap
3833283,Balco Group,2.51,2.1,85.2,85.7,85.7,86.7,83.3,24670,17:29,Mid Cap
3840183,Handicare Group,0.4,0.2,50,50.2,50.2,50.2,50,17763,17:24,Mid Cap
3841916,BioArctic B,0.54,0.5,93.65,93.95,94,94.25,92.5,39973,17:29,Mid Cap
3864577,Ferronordic,0,0,209,209.5,210,214,207,24538,17:29,Mid Cap
3915255,IRRAS,1.43,0.09,6.23,6.38,6.38,6.38,6.2,60555,17:29,Small Cap
3943467,Arjo,2.78,1.8,66.3,66.4,66.5,66.7,64.25,462432,17:29,Large Cap
3952091,Corem Property Group B,1.03,0.2,19.5,19.65,19.65,19.7,19.45,151846,17:29,Mid Cap
3952334,Atvexa B,2.76,2.5,90,91.5,93,93,90,10956,17:29,Small Cap
4105107,NP3 Fastigheter Pref,0.63,0.2,31.9,32,32,32,31.6,43735,17:24,Mid Cap
4128701,Green Landscaping Group,-3.7,-1.8,46.6,47,46.8,48.6,46.3,26896,17:29,Small Cap
4134284,BHG Group,6.98,9,137.6,138.2,138,138.2,128.4,902602,17:30,Large Cap
4259979,NCAB Group,-1.21,-4,321,328,326,339,318,5465,17:29,Mid Cap
4263659,Better Collective,0.51,1,194,195.5,196,198,192.5,60664,17:29,Mid Cap
4280630,Arion Bank SDB,1.91,0.15,7.93,7.99,7.99,8.08,7.8,130399,17:29,Large Cap
4284369,Epiroc A,0.28,0.5,177.5,177.65,177.2,178.9,175.05,971279,17:29,Large Cap
4284370,Epiroc B,1.03,1.7,166.65,166.85,167.2,167.35,164.2,323441,17:29,Large Cap
4289303,Projektengagemang Sweden B,-2.25,-0.5,21.6,21.7,21.7,21.8,21.6,3372,17:24,Small Cap
4301537,Veoneer,1.4,3.2,230.2,231,231.4,231.4,221.2,262455,17:29,Large Cap
4305996,Calliditas Therapeutics,2.15,2.6,123.4,124,123.4,124.4,119.8,107373,17:29,Mid Cap
4560514,Nyfosa,0.9,0.75,84.35,84.55,84.55,85.7,83.9,246472,17:29,Large Cap
4576157,Lime Technologies,5.27,20,397,398.5,399.5,400,374.5,33120,17:29,Mid Cap
4577128,Q-Linea AB,1.48,2,136.5,137,137,145.5,135,14477,17:29,Mid Cap
4591034,SBB Norden D,0.34,0.1,29.4,29.45,29.4,29.55,29.1,939154,17:29,Large Cap
4751818,Ascelia Pharma,-0.34,-0.15,43.2,43.8,43.75,45.5,43,39737,17:29,Small Cap
4794077,NENT Group A,2,8,406,420,408,408,406,257,17:29,Large Cap
4794078,NENT Group B,2.55,10.2,409.4,409.6,410.6,410.6,393.8,137275,17:37,Large Cap
4795178,Gaming Innovation Group,5.75,1.09,20.25,20.4,20.05,20.4,19,330593,17:29,Small Cap
4814374,Karnov Group,0.7,0.35,50.2,50.5,50.2,50.6,49.85,11349,17:29,Mid Cap
4887269,John Mattson,0.85,1.2,139,140.4,142,142,138,2012,17:29,Mid Cap
4913119,K2A Knaust & Andersson..,0,0,203,205,205,216,198.5,26263,17:29,Mid Cap
4926296,TRATON SE,-1.14,-2.95,255.3,255.75,255.5,259.35,253,48820,17:29,Large Cap
4929065,Adapteo,1.12,1.2,106.4,107.2,108.8,108.8,105.2,23749,17:29,Mid Cap
5028561,EQT,1.43,3.4,241,241.4,241,241.7,233.7,576994,17:29,Large Cap
5109519,K-Fast Holding B,-2.27,-6,257.4,258.6,258,263,254,13954,17:29,Mid Cap
5122427,Fastpartner D,0.5,0.4,79.8,80,79.8,80,79.4,12006,17:29,Large Cap
5297169,Electrolux Professional B,-0.18,-0.09,49.41,49.6,49.7,50.26,49,487589,17:29,Large Cap
5485495,Genova Property Group,-0.56,-0.45,79.15,79.5,79.5,79.5,77.05,149885,17:29,Mid Cap
5589710,Readly International,1.76,1.04,60.2,60.6,60.3,62.98,58.8,243831,17:29,Mid Cap
5617087,Qliro,0.75,0.35,47.1,47.4,47.35,48,46.5,33547,17:29,Small Cap
5633399,Wästbygg,-0.49,-0.5,101,101.2,101,101.9,100.8,5307,17:29,Mid Cap
5642918,Nordic Paper Holding AB,-0.92,-0.42,45.36,45.48,45.48,45.9,45.2,25736,17:29,Mid Cap
5650425,Eniro Pref A,2.19,0.02,0.77,0.79,0.8,0.8,0.75,1980244,17:29,Small Cap
5689405,Nordnet,-1.02,-1.55,149.85,150.15,150.5,152,148.1,365443,17:29,Large Cap
5707080,Fasadgruppen,2.56,3,117,117.2,120,121,114.8,64030,17:29,Mid Cap
5710344,Annehem Fastigheter B,-2.99,-0.85,27.7,27.85,27.6,28.4,27.6,92722,17:29,Mid Cap
5815210,Cint Group,-0.75,-0.6,79,79.2,79.6,80.4,77.8,304894,17:29,Large Cap
